"qNum","unattempted","wrong","correct","partCorrect1m","partCorrect2m","partCorrect3m","subject","paper","year","qaNum","qaType","markScheme"
"1",38510,51117,56556,8975,0,0,"physics","1",2018,1,"MultCorrAns","-201234"
"2",42122,64996,25284,22756,0,0,"physics","1",2018,2,"MultCorrAns","-201234"
"3",38242,69095,30124,17697,0,0,"physics","1",2018,3,"MultCorrAns","-201234"
"4",78136,50125,17372,9525,0,0,"physics","1",2018,4,"MultCorrAns","-201234"
"5",52714,29914,13477,27122,31931,0,"physics","1",2018,5,"MultCorrAns","-201234"
"6",17632,25057,48285,24786,39398,0,"physics","1",2018,6,"MultCorrAns","-201234"
"7",22879,77084,55195,NA,NA,NA,"physics","1",2018,7,"NumAns","+03"
"8",36133,104174,14851,NA,NA,NA,"physics","1",2018,8,"NumAns","+03"
"9",37834,110251,7073,NA,NA,NA,"physics","1",2018,9,"NumAns","+03"
"10",29613,91112,34433,NA,NA,NA,"physics","1",2018,10,"NumAns","+03"
"11",30701,105067,19390,NA,NA,NA,"physics","1",2018,11,"NumAns","+03"
"12",34831,98594,21733,NA,NA,NA,"physics","1",2018,12,"NumAns","+03"
"13",35553,113309,6296,NA,NA,NA,"physics","1",2018,13,"NumAns","+03"
"14",21416,76073,57669,NA,NA,NA,"physics","1",2018,14,"NumAns","+03"
"15",18898,36431,99829,NA,NA,NA,"physics","1",2018,15,"ParaSingleAns","-103"
"16",20822,47480,86856,NA,NA,NA,"physics","1",2018,16,"ParaSingleAns","-103"
"17",48865,52457,53836,NA,NA,NA,"physics","1",2018,17,"ParaSingleAns","-103"
"18",75080,59412,20666,NA,NA,NA,"physics","1",2018,18,"ParaSingleAns","-103"
"1",23103,42192,13179,30428,46256,0,"physics","2",2018,1,"MultCorrAns","-201234"
"2",57037,25385,14951,25792,31993,0,"physics","2",2018,2,"MultCorrAns","-201234"
"3",46624,54936,24630,28968,0,0,"physics","2",2018,3,"MultCorrAns","-201234"
"4",41550,94863,18745,0,0,0,"physics","2",2018,4,"MultCorrAns","-201234"
"5",19156,37621,89054,9327,0,0,"physics","2",2018,5,"MultCorrAns","-201234"
"6",68078,32762,32050,16933,5335,0,"physics","2",2018,6,"MultCorrAns","-201234"
"7",25888,117742,11528,NA,NA,NA,"physics","2",2018,7,"NumAns","+03"
"8",14067,91549,49542,NA,NA,NA,"physics","2",2018,8,"NumAns","+03"
"9",25603,114596,14959,NA,NA,NA,"physics","2",2018,9,"NumAns","+03"
"10",31719,98488,24951,NA,NA,NA,"physics","2",2018,10,"NumAns","+03"
"11",41427,98072,15659,NA,NA,NA,"physics","2",2018,11,"NumAns","+03"
"12",21240,102887,31031,NA,NA,NA,"physics","2",2018,12,"NumAns","+03"
"13",39325,109208,6625,NA,NA,NA,"physics","2",2018,13,"NumAns","+03"
"14",14553,76004,64601,NA,NA,NA,"physics","2",2018,14,"NumAns","+03"
"15",25405,85703,44050,NA,NA,NA,"physics","2",2018,15,"TwoListMatchSingleAns","-103"
"16",24055,47627,83476,NA,NA,NA,"physics","2",2018,16,"TwoListMatchSingleAns","-103"
"17",12847,41047,101264,NA,NA,NA,"physics","2",2018,17,"TwoListMatchSingleAns","-103"
"18",59252,53505,42401,NA,NA,NA,"physics","2",2018,18,"TwoListMatchSingleAns","-103"
"19",19687,80389,34643,20439,0,0,"chemistry","1",2018,1,"MultCorrAns","-201234"
"20",40526,73623,14757,26252,0,0,"chemistry","1",2018,2,"MultCorrAns","-201234"
"21",10905,53609,24171,19756,46717,0,"chemistry","1",2018,3,"MultCorrAns","-201234"
"22",76712,65981,12465,0,0,0,"chemistry","1",2018,4,"MultCorrAns","-201234"
"23",16985,55012,6385,34206,42570,0,"chemistry","1",2018,5,"MultCorrAns","-201234"
"24",63016,50026,12447,29669,0,0,"chemistry","1",2018,6,"MultCorrAns","-201234"
"25",15300,129374,10484,NA,NA,NA,"chemistry","1",2018,7,"NumAns","+03"
"26",49315,104377,1466,NA,NA,NA,"chemistry","1",2018,8,"NumAns","+03"
"27",21750,95534,37874,NA,NA,NA,"chemistry","1",2018,9,"NumAns","+03"
"28",26037,92524,36597,NA,NA,NA,"chemistry","1",2018,10,"NumAns","+03"
"29",32640,110155,12363,NA,NA,NA,"chemistry","1",2018,11,"NumAns","+03"
"30",22910,90911,41337,NA,NA,NA,"chemistry","1",2018,12,"NumAns","+03"
"31",32951,120822,1385,NA,NA,NA,"chemistry","1",2018,13,"NumAns","+03"
"32",32749,114524,7885,NA,NA,NA,"chemistry","1",2018,14,"NumAns","+03"
"33",72144,72953,10061,NA,NA,NA,"chemistry","1",2018,15,"ParaSingleAns","-103"
"34",64129,65847,25182,NA,NA,NA,"chemistry","1",2018,16,"ParaSingleAns","-103"
"35",86837,42117,26204,NA,NA,NA,"chemistry","1",2018,17,"ParaSingleAns","-103"
"36",78913,53736,22509,NA,NA,NA,"chemistry","1",2018,18,"ParaSingleAns","-103"
"19",24984,63731,9511,23415,33517,0,"chemistry","2",2018,1,"MultCorrAns","-201234"
"20",40757,67402,17444,29555,0,0,"chemistry","2",2018,2,"MultCorrAns","-201234"
"21",70340,60836,23982,0,0,0,"chemistry","2",2018,3,"MultCorrAns","-201234"
"22",47112,81569,26477,0,0,0,"chemistry","2",2018,4,"MultCorrAns","-201234"
"23",48989,50020,20700,35449,0,0,"chemistry","2",2018,5,"MultCorrAns","-201234"
"24",78142,49487,15945,11584,0,0,"chemistry","2",2018,6,"MultCorrAns","-201234"
"25",9878,66700,78580,NA,NA,NA,"chemistry","2",2018,7,"NumAns","+03"
"26",29787,111554,13817,NA,NA,NA,"chemistry","2",2018,8,"NumAns","+03"
"27",43983,96399,14776,NA,NA,NA,"chemistry","2",2018,9,"NumAns","+03"
"28",17229,131704,6225,NA,NA,NA,"chemistry","2",2018,10,"NumAns","+03"
"29",32013,111869,11276,NA,NA,NA,"chemistry","2",2018,11,"NumAns","+03"
"30",51399,103343,416,NA,NA,NA,"chemistry","2",2018,12,"NumAns","+03"
"31",38171,108504,8483,NA,NA,NA,"chemistry","2",2018,13,"NumAns","+03"
"32",35886,114884,4388,NA,NA,NA,"chemistry","2",2018,14,"NumAns","+03"
"33",13252,65337,76569,NA,NA,NA,"chemistry","2",2018,15,"TwoListMatchSingleAns","-103"
"34",59322,53242,42594,NA,NA,NA,"chemistry","2",2018,16,"TwoListMatchSingleAns","-103"
"35",21356,85651,48151,NA,NA,NA,"chemistry","2",2018,17,"TwoListMatchSingleAns","-103"
"36",77089,60237,17832,NA,NA,NA,"chemistry","2",2018,18,"TwoListMatchSingleAns","-103"
"37",55750,44521,2833,31257,20797,0,"maths","1",2018,1,"MultCorrAns","-201234"
"38",38634,18027,25911,36873,35713,0,"maths","1",2018,2,"MultCorrAns","-201234"
"39",33240,49117,30209,42592,0,0,"maths","1",2018,3,"MultCorrAns","-201234"
"40",95739,22849,3205,20354,13011,0,"maths","1",2018,4,"MultCorrAns","-201234"
"41",89898,46703,9662,8895,0,0,"maths","1",2018,5,"MultCorrAns","-201234"
"42",95932,36708,10992,11526,0,0,"maths","1",2018,6,"MultCorrAns","-201234"
"43",28821,86459,39878,NA,NA,NA,"maths","1",2018,7,"NumAns","+03"
"44",16999,100592,37567,NA,NA,NA,"maths","1",2018,8,"NumAns","+03"
"45",22507,125020,7631,NA,NA,NA,"maths","1",2018,9,"NumAns","+03"
"46",36196,89436,29526,NA,NA,NA,"maths","1",2018,10,"NumAns","+03"
"47",25459,77924,51775,NA,NA,NA,"maths","1",2018,11,"NumAns","+03"
"48",21738,110919,22501,NA,NA,NA,"maths","1",2018,12,"NumAns","+03"
"49",33942,96439,24777,NA,NA,NA,"maths","1",2018,13,"NumAns","+03"
"50",22942,86683,45533,NA,NA,NA,"maths","1",2018,14,"NumAns","+03"
"51",61549,53298,40311,NA,NA,NA,"maths","1",2018,15,"ParaSingleAns","-103"
"52",44832,59114,51212,NA,NA,NA,"maths","1",2018,16,"ParaSingleAns","-103"
"53",61124,57133,36901,NA,NA,NA,"maths","1",2018,17,"ParaSingleAns","-103"
"54",84479,51617,19062,NA,NA,NA,"maths","1",2018,18,"ParaSingleAns","-103"
"37",80560,60344,14254,0,0,0,"maths","2",2018,1,"MultCorrAns","-201234"
"38",112673,33585,1662,7238,0,0,"maths","2",2018,2,"MultCorrAns","-201234"
"39",74108,56910,13513,10627,0,0,"maths","2",2018,3,"MultCorrAns","-201234"
"40",64297,31720,33227,25914,0,0,"maths","2",2018,4,"MultCorrAns","-201234"
"41",87526,41941,1834,15053,8804,0,"maths","2",2018,5,"MultCorrAns","-201234"
"42",78118,23294,4575,26357,22814,0,"maths","2",2018,6,"MultCorrAns","-201234"
"43",39152,91366,24640,NA,NA,NA,"maths","2",2018,7,"NumAns","+03"
"44",10626,100075,44457,NA,NA,NA,"maths","2",2018,8,"NumAns","+03"
"45",30505,123303,1350,NA,NA,NA,"maths","2",2018,9,"NumAns","+03"
"46",21221,100349,33588,NA,NA,NA,"maths","2",2018,10,"NumAns","+03"
"47",27838,94251,33069,NA,NA,NA,"maths","2",2018,11,"NumAns","+03"
"48",37200,100743,17215,NA,NA,NA,"maths","2",2018,12,"NumAns","+03"
"49",29312,103176,22670,NA,NA,NA,"maths","2",2018,13,"NumAns","+03"
"50",30628,112130,12400,NA,NA,NA,"maths","2",2018,14,"NumAns","+03"
"51",46680,65685,42793,NA,NA,NA,"maths","2",2018,15,"TwoListMatchSingleAns","-103"
"52",24055,38322,92781,NA,NA,NA,"maths","2",2018,16,"TwoListMatchSingleAns","-103"
"53",48100,34382,72676,NA,NA,NA,"maths","2",2018,17,"TwoListMatchSingleAns","-103"
"54",41378,74729,39051,NA,NA,NA,"maths","2",2018,18,"TwoListMatchSingleAns","-103"
"Q.1",98477,16993,2642,24470,16958,0,"physics","1",2017,1,"MultCorrAns","-201234"
"Q.2",84487,34538,15346,25169,0,0,"physics","1",2017,2,"MultCorrAns","-201234"
"Q.3",72141,65154,6034,16211,0,0,"physics","1",2017,3,"MultCorrAns","-201234"
"Q.4",83671,56345,19524,0,0,0,"physics","1",2017,4,"MultCorrAns","-201234"
"Q.5",61327,61491,15135,21587,0,0,"physics","1",2017,5,"MultCorrAns","-201234"
"Q.6",56454,32775,37231,33080,0,0,"physics","1",2017,6,"MultCorrAns","-201234"
"Q.7",57955,22888,9499,32099,37099,0,"physics","1",2017,7,"MultCorrAns","-201234"
"Q.8",7996,115450,36094,NA,NA,NA,"physics","1",2017,8,"SingDigitInteger","+03"
"Q.9",5511,81444,72585,NA,NA,NA,"physics","1",2017,9,"SingDigitInteger","+03"
"Q.10",9365,103014,47161,NA,NA,NA,"physics","1",2017,10,"SingDigitInteger","+03"
"Q.11",8867,113387,37286,NA,NA,NA,"physics","1",2017,11,"SingDigitInteger","+03"
"Q.12",14271,110692,34577,NA,NA,NA,"physics","1",2017,12,"SingDigitInteger","+03"
"Q.13",43527,54492,61521,NA,NA,NA,"physics","1",2017,13,"SingCorrAns","-103"
"Q.14",51952,48662,58926,NA,NA,NA,"physics","1",2017,14,"SingCorrAns","-103"
"Q.15",45892,50737,62911,NA,NA,NA,"physics","1",2017,15,"SingCorrAns","-103"
"Q.16",28823,31282,99435,NA,NA,NA,"physics","1",2017,16,"SingCorrAns","-103"
"Q.17",22167,32636,104737,NA,NA,NA,"physics","1",2017,17,"SingCorrAns","-103"
"Q.18",43924,26500,89116,NA,NA,NA,"physics","1",2017,18,"SingCorrAns","-103"
"Q.1",67594,49229,42717,NA,NA,NA,"physics","2",2017,1,"SingCorrAns","-103"
"Q.2",82616,40954,35970,NA,NA,NA,"physics","2",2017,2,"SingCorrAns","-103"
"Q.3",69421,63795,26324,NA,NA,NA,"physics","2",2017,3,"SingCorrAns","-103"
"Q.4",65216,52388,41936,NA,NA,NA,"physics","2",2017,4,"SingCorrAns","-103"
"Q.5",58696,27253,73591,NA,NA,NA,"physics","2",2017,5,"SingCorrAns","-103"
"Q.6",69570,41933,48037,NA,NA,NA,"physics","2",2017,6,"SingCorrAns","-103"
"Q.7",67138,63818,28584,NA,NA,NA,"physics","2",2017,7,"SingCorrAns","-103"
"Q.8",81061,29806,20378,28295,0,0,"physics","2",2017,8,"MultCorrAns","-201234"
"Q.9",81055,53069,6242,19174,0,0,"physics","2",2017,9,"MultCorrAns","-201234"
"Q.10",52584,57280,13140,36536,0,0,"physics","2",2017,10,"MultCorrAns","-201234"
"Q.11",77391,51185,12742,18222,0,0,"physics","2",2017,11,"MultCorrAns","-201234"
"Q.12",55143,47030,20654,14167,22546,0,"physics","2",2017,12,"MultCorrAns","-201234"
"Q.13",44912,47467,15556,26506,25099,0,"physics","2",2017,13,"MultCorrAns","-201234"
"Q.14",62894,54745,32921,8980,0,0,"physics","2",2017,14,"MultCorrAns","-201234"
"Q.15",3907,104551,51082,NA,NA,NA,"physics","2",2017,15,"Compr","+03"
"Q.16",4955,98242,56343,NA,NA,NA,"physics","2",2017,16,"Compr","+03"
"Q.17",0,0,159540,NA,NA,NA,"physics","2",2017,17,"Compr","+03"
"Q.18",6098,113914,39528,NA,NA,NA,"physics","2",2017,18,"Compr","+03"
"Q.19",62339,43678,4769,27263,21491,0,"chemistry","1",2017,1,"MultCorrAns","-201234"
"Q.20",63895,32715,28827,34103,0,0,"chemistry","1",2017,2,"MultCorrAns","-201234"
"Q.21",26968,16427,27459,34258,54428,0,"chemistry","1",2017,3,"MultCorrAns","-201234"
"Q.22",67146,65590,7832,18972,0,0,"chemistry","1",2017,4,"MultCorrAns","-201234"
"Q.23",97730,20500,1575,27562,12173,0,"chemistry","1",2017,5,"MultCorrAns","-201234"
"Q.24",10708,80777,29668,38387,0,0,"chemistry","1",2017,6,"MultCorrAns","-201234"
"Q.25",60977,54522,20551,23490,0,0,"chemistry","1",2017,7,"MultCorrAns","-201234"
"Q.26",5343,75652,78545,NA,NA,NA,"chemistry","1",2017,8,"SingDigitInteger","+03"
"Q.27",11921,122221,25398,NA,NA,NA,"chemistry","1",2017,9,"SingDigitInteger","+03"
"Q.28",5741,102243,51556,NA,NA,NA,"chemistry","1",2017,10,"SingDigitInteger","+03"
"Q.29",0,0,159540,NA,NA,NA,"chemistry","1",2017,11,"SingDigitInteger","+03"
"Q.30",2462,123738,33340,NA,NA,NA,"chemistry","1",2017,12,"SingDigitInteger","+03"
"Q.31",65428,48492,45620,NA,NA,NA,"chemistry","1",2017,13,"SingCorrAns","-103"
"Q.32",60307,48157,51076,NA,NA,NA,"chemistry","1",2017,14,"SingCorrAns","-103"
"Q.33",68246,64664,26630,NA,NA,NA,"chemistry","1",2017,15,"SingCorrAns","-103"
"Q.34",38403,79599,41538,NA,NA,NA,"chemistry","1",2017,16,"SingCorrAns","-103"
"Q.35",53611,65439,40490,NA,NA,NA,"chemistry","1",2017,17,"SingCorrAns","-103"
"Q.36",36395,27919,95226,NA,NA,NA,"chemistry","1",2017,18,"SingCorrAns","-103"
"Q.19",39872,51078,68590,NA,NA,NA,"chemistry","2",2017,1,"SingCorrAns","-103"
"Q.20",32002,50654,76884,NA,NA,NA,"chemistry","2",2017,2,"SingCorrAns","-103"
"Q.21",108054,27305,24181,NA,NA,NA,"chemistry","2",2017,3,"SingCorrAns","-103"
"Q.22",32770,65234,61536,NA,NA,NA,"chemistry","2",2017,4,"SingCorrAns","-103"
"Q.23",10620,26752,122168,NA,NA,NA,"chemistry","2",2017,5,"SingCorrAns","-103"
"Q.24",35040,68938,55562,NA,NA,NA,"chemistry","2",2017,6,"SingCorrAns","-103"
"Q.25",28471,49904,81165,NA,NA,NA,"chemistry","2",2017,7,"SingCorrAns","-103"
"Q.26",30147,87251,21003,21139,0,0,"chemistry","2",2017,8,"MultCorrAns","-201234"
"Q.27",79645,54581,13906,11408,0,0,"chemistry","2",2017,9,"MultCorrAns","-201234"
"Q.28",96594,39553,4823,18570,0,0,"chemistry","2",2017,10,"MultCorrAns","-201234"
"Q.29",27199,0,3694,46132,68870,13645,"chemistry","2",2017,11,"MultCorrAns","-201234"
"Q.30",37479,42168,4412,42933,32548,0,"chemistry","2",2017,12,"MultCorrAns","-201234"
"Q.31",46951,46320,17476,48793,0,0,"chemistry","2",2017,13,"MultCorrAns","-201234"
"Q.32",57055,45192,37669,19624,0,0,"chemistry","2",2017,14,"MultCorrAns","-201234"
"Q.33",1858,64519,93163,NA,NA,NA,"chemistry","2",2017,15,"Compr","+03"
"Q.34",2539,95931,61070,NA,NA,NA,"chemistry","2",2017,16,"Compr","+03"
"Q.35",4754,109504,45282,NA,NA,NA,"chemistry","2",2017,17,"Compr","+03"
"Q.36",2475,141513,15552,NA,NA,NA,"chemistry","2",2017,18,"Compr","+03"
"Q.37",70573,25278,39889,13777,10023,0,"maths","1",2017,1,"MultCorrAns","-201234"
"Q.38",68857,49834,40849,0,0,0,"maths","1",2017,2,"MultCorrAns","-201234"
"Q.39",0,0,159540,0,0,0,"maths","1",2017,3,"MultCorrAns","-201234"
"Q.40",111977,24510,5871,17182,0,0,"maths","1",2017,4,"MultCorrAns","-201234"
"Q.41",47566,66712,28931,16331,0,0,"maths","1",2017,5,"MultCorrAns","-201234"
"Q.42",79596,21021,50262,8661,0,0,"maths","1",2017,6,"MultCorrAns","-201234"
"Q.43",33598,26383,55018,44541,0,0,"maths","1",2017,7,"MultCorrAns","-201234"
"Q.44",7542,110371,41627,NA,NA,NA,"maths","1",2017,8,"SingDigitInteger","+03"
"Q.45",11291,109842,38407,NA,NA,NA,"maths","1",2017,9,"SingDigitInteger","+03"
"Q.46",6462,101041,52037,NA,NA,NA,"maths","1",2017,10,"SingDigitInteger","+03"
"Q.47",8921,102970,47649,NA,NA,NA,"maths","1",2017,11,"SingDigitInteger","+03"
"Q.48",4923,52120,102497,NA,NA,NA,"maths","1",2017,12,"SingDigitInteger","+03"
"Q.49",39966,35516,84058,NA,NA,NA,"maths","1",2017,13,"SingCorrAns","-103"
"Q.50",40277,29819,89444,NA,NA,NA,"maths","1",2017,14,"SingCorrAns","-103"
"Q.51",49707,37776,72057,NA,NA,NA,"maths","1",2017,15,"SingCorrAns","-103"
"Q.52",83067,46954,29519,NA,NA,NA,"maths","1",2017,16,"SingCorrAns","-103"
"Q.53",84747,38763,36030,NA,NA,NA,"maths","1",2017,17,"SingCorrAns","-103"
"Q.54",84254,39520,35766,NA,NA,NA,"maths","1",2017,18,"SingCorrAns","-103"
"Q.37",20988,32175,106377,NA,NA,NA,"maths","2",2017,1,"SingCorrAns","-103"
"Q.38",71598,57631,30311,NA,NA,NA,"maths","2",2017,2,"SingCorrAns","-103"
"Q.39",69782,35176,54582,NA,NA,NA,"maths","2",2017,3,"SingCorrAns","-103"
"Q.40",66983,56369,36188,NA,NA,NA,"maths","2",2017,4,"SingCorrAns","-103"
"Q.41",97232,42376,19932,NA,NA,NA,"maths","2",2017,5,"SingCorrAns","-103"
"Q.42",66742,38328,54470,NA,NA,NA,"maths","2",2017,6,"SingCorrAns","-103"
"Q.43",54672,61282,43586,NA,NA,NA,"maths","2",2017,7,"SingCorrAns","-103"
"Q.44",0,0,159540,0,0,0,"maths","2",2017,8,"MultCorrAns","-201234"
"Q.45",0,0,159540,0,0,0,"maths","2",2017,9,"MultCorrAns","-201234"
"Q.46",70991,22000,42091,24458,0,0,"maths","2",2017,10,"MultCorrAns","-201234"
"Q.47",70940,51232,20811,16557,0,0,"maths","2",2017,11,"MultCorrAns","-201234"
"Q.48",43658,56299,27778,31805,0,0,"maths","2",2017,12,"MultCorrAns","-201234"
"Q.49",78050,37948,23267,20275,0,0,"maths","2",2017,13,"MultCorrAns","-201234"
"Q.50",100122,32497,12634,14287,0,0,"maths","2",2017,14,"MultCorrAns","-201234"
"Q.51",3402,70083,86055,NA,NA,NA,"maths","2",2017,15,"Compr","+03"
"Q.52",4374,75639,79527,NA,NA,NA,"maths","2",2017,16,"Compr","+03"
"Q.53",6805,107115,45620,NA,NA,NA,"maths","2",2017,17,"Compr","+03"
"Q.54",5920,100975,52645,NA,NA,NA,"maths","2",2017,18,"Compr","+03"
"Q.1",26483,41919,79276,NA,NA,NA,"physics","1",2016,1,"SingCorrAns","-103"
"Q.2",74281,34818,38579,NA,NA,NA,"physics","1",2016,2,"SingCorrAns","-103"
"Q.3",99416,31720,16542,NA,NA,NA,"physics","1",2016,3,"SingCorrAns","-103"
"Q.4",31771,69096,46811,NA,NA,NA,"physics","1",2016,4,"SingCorrAns","-103"
"Q.5",64828,58028,24822,NA,NA,NA,"physics","1",2016,5,"SingCorrAns","-103"
"Q.6",72163,26329,4631,30191,14364,0,"physics","1",2016,6,"MultCorrAns","-201234"
"Q.7",83663,18853,10477,16581,18104,0,"physics","1",2016,7,"MultCorrAns","-201234"
"Q.8",81543,44890,4663,16582,0,0,"physics","1",2016,8,"MultCorrAns","-201234"
"Q.9",79140,38957,12455,17126,0,0,"physics","1",2016,9,"MultCorrAns","-201234"
"Q.10",72549,30856,26365,17908,0,0,"physics","1",2016,10,"MultCorrAns","-201234"
"Q.11",83413,48227,3178,12860,0,0,"physics","1",2016,11,"MultCorrAns","-201234"
"Q.12",24721,12431,42133,34963,33430,0,"physics","1",2016,12,"MultCorrAns","-201234"
"Q.13",48414,20468,18408,25092,35296,0,"physics","1",2016,13,"MultCorrAns","-201234"
"Q.14",8604,121125,17949,NA,NA,NA,"physics","1",2016,14,"SingDigitInteger","+03"
"Q.15",10215,108884,28579,NA,NA,NA,"physics","1",2016,15,"SingDigitInteger","+03"
"Q.16",6551,111241,29886,NA,NA,NA,"physics","1",2016,16,"SingDigitInteger","+03"
"Q.17",5914,79650,62114,NA,NA,NA,"physics","1",2016,17,"SingDigitInteger","+03"
"Q.18",7474,105832,34372,NA,NA,NA,"physics","1",2016,18,"SingDigitInteger","+03"
"Q.1",90991,36578,20109,NA,NA,NA,"physics","2",2016,1,"SingCorrAns","-103"
"Q.2",27104,29949,90625,NA,NA,NA,"physics","2",2016,2,"SingCorrAns","-103"
"Q.3",79788,41777,26113,NA,NA,NA,"physics","2",2016,3,"SingCorrAns","-103"
"Q.4",63194,70914,13570,NA,NA,NA,"physics","2",2016,4,"SingCorrAns","-103"
"Q.5",80125,52036,15517,NA,NA,NA,"physics","2",2016,5,"SingCorrAns","-103"
"Q.6",41945,64148,41585,NA,NA,NA,"physics","2",2016,6,"SingCorrAns","-103"
"Q.7",108433,21112,9172,8961,0,0,"physics","2",2016,7,"MultCorrAns","-201234"
"Q.8",62342,68116,17220,0,0,0,"physics","2",2016,8,"MultCorrAns","-201234"
"Q.9",74063,19809,5312,33175,15319,0,"physics","2",2016,9,"MultCorrAns","-201234"
"Q.10",60475,64523,8066,14614,0,0,"physics","2",2016,10,"MultCorrAns","-201234"
"Q.11",70842,0,2685,37216,28995,7940,"physics","2",2016,11,"MultCorrAns","-201234"
"Q.12",70148,22681,6442,27416,20991,0,"physics","2",2016,12,"MultCorrAns","-201234"
"Q.13",72673,40947,11942,22116,0,0,"physics","2",2016,13,"MultCorrAns","-201234"
"Q.14",40989,65639,15852,25198,0,0,"physics","2",2016,14,"MultCorrAns","-201234"
"Q.15",3816,106911,36951,NA,NA,NA,"physics","2",2016,15,"Compr","+03"
"Q.16",3546,104575,39557,NA,NA,NA,"physics","2",2016,16,"Compr","+03"
"Q.17",4227,107199,36252,NA,NA,NA,"physics","2",2016,17,"Compr","+03"
"Q.18",3765,103293,40620,NA,NA,NA,"physics","2",2016,18,"Compr","+03"
"Q.19",37478,55239,54961,NA,NA,NA,"chemistry","1",2016,1,"SingCorrAns","-103"
"Q.20",55972,57268,34438,NA,NA,NA,"chemistry","1",2016,2,"SingCorrAns","-103"
"Q.21",12970,90531,44177,NA,NA,NA,"chemistry","1",2016,3,"SingCorrAns","-103"
"Q.22",28508,71255,47915,NA,NA,NA,"chemistry","1",2016,4,"SingCorrAns","-103"
"Q.23",51601,71695,24382,NA,NA,NA,"chemistry","1",2016,5,"SingCorrAns","-103"
"Q.24",27671,22159,17242,34521,46085,0,"chemistry","1",2016,6,"MultCorrAns","-201234"
"Q.25",59150,43089,25487,19952,0,0,"chemistry","1",2016,7,"MultCorrAns","-201234"
"Q.26",64696,31126,13402,21351,17103,0,"chemistry","1",2016,8,"MultCorrAns","-201234"
"Q.27",7862,23383,100394,16039,0,0,"chemistry","1",2016,9,"MultCorrAns","-201234"
"Q.28",69712,51425,15925,10616,0,0,"chemistry","1",2016,10,"MultCorrAns","-201234"
"Q.29",27497,16592,8683,37749,57157,0,"chemistry","1",2016,11,"MultCorrAns","-201234"
"Q.30",53411,67506,26761,0,0,0,"chemistry","1",2016,12,"MultCorrAns","-201234"
"Q.31",74826,42672,12389,17791,0,0,"chemistry","1",2016,13,"MultCorrAns","-201234"
"Q.32",7551,97803,42324,NA,NA,NA,"chemistry","1",2016,14,"SingDigitInteger","+03"
"Q.33",7195,104364,36119,NA,NA,NA,"chemistry","1",2016,15,"SingDigitInteger","+03"
"Q.34",7934,116582,23162,NA,NA,NA,"chemistry","1",2016,16,"SingDigitInteger","+03"
"Q.35",3584,132725,11369,NA,NA,NA,"chemistry","1",2016,17,"SingDigitInteger","+03"
"Q.36",3955,134006,9717,NA,NA,NA,"chemistry","1",2016,18,"SingDigitInteger","+03"
"Q.19",23065,59166,65447,NA,NA,NA,"chemistry","2",2016,1,"SingCorrAns","-103"
"Q.20",51588,65620,30470,NA,NA,NA,"chemistry","2",2016,2,"SingCorrAns","-103"
"Q.21",31725,41162,74791,NA,NA,NA,"chemistry","2",2016,3,"SingCorrAns","-103"
"Q.22",21902,84374,41402,NA,NA,NA,"chemistry","2",2016,4,"SingCorrAns","-103"
"Q.23",12563,83045,52070,NA,NA,NA,"chemistry","2",2016,5,"SingCorrAns","-103"
"Q.24",76745,53678,17255,NA,NA,NA,"chemistry","2",2016,6,"SingCorrAns","-103"
"Q.25",26152,48822,47222,25482,0,0,"chemistry","2",2016,7,"MultCorrAns","-201234"
"Q.26",41067,63608,20058,22945,0,0,"chemistry","2",2016,8,"MultCorrAns","-201234"
"Q.27",12989,47878,29100,18737,38974,0,"chemistry","2",2016,9,"MultCorrAns","-201234"
"Q.28",19630,41869,29132,22005,35042,0,"chemistry","2",2016,10,"MultCorrAns","-201234"
"Q.29",72429,44126,10907,20216,0,0,"chemistry","2",2016,11,"MultCorrAns","-201234"
"Q.30",54998,55030,9137,28513,0,0,"chemistry","2",2016,12,"MultCorrAns","-201234"
"Q.31",45342,60732,7383,34221,0,0,"chemistry","2",2016,13,"MultCorrAns","-201234"
"Q.32",47093,40158,3238,32591,24598,0,"chemistry","2",2016,14,"MultCorrAns","-201234"
"Q.33",2889,102137,42652,NA,NA,NA,"chemistry","2",2016,15,"Compr","+03"
"Q.34",2861,107229,37588,NA,NA,NA,"chemistry","2",2016,16,"Compr","+03"
"Q.35",3258,97694,46726,NA,NA,NA,"chemistry","2",2016,17,"Compr","+03"
"Q.36",2759,103387,41532,NA,NA,NA,"chemistry","2",2016,18,"Compr","+03"
"Q.37",48570,71989,27119,NA,NA,NA,"maths","1",2016,1,"SingCorrAns","-103"
"Q.38",28964,70861,47853,NA,NA,NA,"maths","1",2016,2,"SingCorrAns","-103"
"Q.39",79703,39124,28851,NA,NA,NA,"maths","1",2016,3,"SingCorrAns","-103"
"Q.40",83356,31645,32677,NA,NA,NA,"maths","1",2016,4,"SingCorrAns","-103"
"Q.41",43904,78313,25461,NA,NA,NA,"maths","1",2016,5,"SingCorrAns","-103"
"Q.42",91542,16500,5336,14842,19458,0,"maths","1",2016,6,"MultCorrAns","-201234"
"Q.43",83483,53894,10301,0,0,0,"maths","1",2016,7,"MultCorrAns","-201234"
"Q.44",97766,36293,2897,10722,0,0,"maths","1",2016,8,"MultCorrAns","-201234"
"Q.45",104720,17130,4032,14632,7164,0,"maths","1",2016,9,"MultCorrAns","-201234"
"Q.46",101482,31236,4392,10568,0,0,"maths","1",2016,10,"MultCorrAns","-201234"
"Q.47",99682,30762,5221,12013,0,0,"maths","1",2016,11,"MultCorrAns","-201234"
"Q.48",100033,12346,6451,17925,10923,0,"maths","1",2016,12,"MultCorrAns","-201234"
"Q.49",97615,24414,16483,9166,0,0,"maths","1",2016,13,"MultCorrAns","-201234"
"Q.50",4426,98257,44995,0,NA,NA,"maths","1",2016,14,"SingDigitInteger","+03"
"Q.51",9756,120956,16966,0,NA,NA,"maths","1",2016,15,"SingDigitInteger","+03"
"Q.52",7152,118566,21960,0,NA,NA,"maths","1",2016,16,"SingDigitInteger","+03"
"Q.53",6428,111603,29647,0,NA,NA,"maths","1",2016,17,"SingDigitInteger","+03"
"Q.54",8075,119399,20204,0,NA,NA,"maths","1",2016,18,"SingDigitInteger","+03"
"Q.37",62543,48541,36594,NA,NA,NA,"maths","2",2016,1,"SingCorrAns","-103"
"Q.38",63769,47370,36539,NA,NA,NA,"maths","2",2016,2,"SingCorrAns","-103"
"Q.39",81828,35950,29900,NA,NA,NA,"maths","2",2016,3,"SingCorrAns","-103"
"Q.40",42375,44443,60860,NA,NA,NA,"maths","2",2016,4,"SingCorrAns","-103"
"Q.41",88946,43140,15592,NA,NA,NA,"maths","2",2016,5,"SingCorrAns","-103"
"Q.42",39615,36236,71827,NA,NA,NA,"maths","2",2016,6,"SingCorrAns","-103"
"Q.43",117120,19763,1543,9252,0,0,"maths","2",2016,7,"MultCorrAns","-201234"
"Q.44",67489,45234,17488,17467,0,0,"maths","2",2016,8,"MultCorrAns","-201234"
"Q.45",73059,32250,18576,23793,0,0,"maths","2",2016,9,"MultCorrAns","-201234"
"Q.46",67985,50364,9514,19815,0,0,"maths","2",2016,10,"MultCorrAns","-201234"
"Q.47",83129,16749,8556,11771,27473,0,"maths","2",2016,11,"MultCorrAns","-201234"
"Q.48",74647,21787,15528,17320,18396,0,"maths","2",2016,12,"MultCorrAns","-201234"
"Q.49",33120,41688,35447,15226,22197,0,"maths","2",2016,13,"MultCorrAns","-201234"
"Q.50",89521,34578,5843,17736,0,0,"maths","2",2016,14,"MultCorrAns","-201234"
"Q.51",3518,88012,56148,NA,NA,NA,"maths","2",2016,15,"Compr","+03"
"Q.52",3560,79725,64393,NA,NA,NA,"maths","2",2016,16,"Compr","+03"
"Q.53",4159,91650,51869,NA,NA,NA,"maths","2",2016,17,"Compr","+03"
"Q.54",3095,79396,65187,NA,NA,NA,"maths","2",2016,18,"Compr","+03"
"1",17421,96224,5935,NA,NA,NA,"physics","1",2014,1,"MultCorrAns","+03"
"2",6946,80194,32440,NA,NA,NA,"physics","1",2014,2,"MultCorrAns","+03"
"3",13115,97611,8854,NA,NA,NA,"physics","1",2014,3,"MultCorrAns","+03"
"4",6491,95050,18039,NA,NA,NA,"physics","1",2014,4,"MultCorrAns","+03"
"5",9102,100271,10207,NA,NA,NA,"physics","1",2014,5,"MultCorrAns","+03"
"6",22967,90952,5661,NA,NA,NA,"physics","1",2014,6,"MultCorrAns","+03"
"7",11094,59941,48545,NA,NA,NA,"physics","1",2014,7,"MultCorrAns","+03"
"8",13364,90784,15432,NA,NA,NA,"physics","1",2014,8,"MultCorrAns","+03"
"9",14154,79838,25588,NA,NA,NA,"physics","1",2014,9,"MultCorrAns","+03"
"10",7180,87433,24967,NA,NA,NA,"physics","1",2014,10,"MultCorrAns","+03"
"11",14899,70868,33813,NA,NA,NA,"physics","1",2014,11,"SingDigitInteger","+03"
"12",19376,80616,19588,NA,NA,NA,"physics","1",2014,12,"SingDigitInteger","+03"
"13",10697,75241,33642,NA,NA,NA,"physics","1",2014,13,"SingDigitInteger","+03"
"14",9784,60166,49630,NA,NA,NA,"physics","1",2014,14,"SingDigitInteger","+03"
"15",9675,69244,40661,NA,NA,NA,"physics","1",2014,15,"SingDigitInteger","+03"
"16",12116,68225,39239,NA,NA,NA,"physics","1",2014,16,"SingDigitInteger","+03"
"17",10055,73553,35972,NA,NA,NA,"physics","1",2014,17,"SingDigitInteger","+03"
"18",9968,49128,60484,NA,NA,NA,"physics","1",2014,18,"SingDigitInteger","+03"
"19",15281,76231,28068,NA,NA,NA,"physics","1",2014,19,"SingDigitInteger","+03"
"20",11602,60523,47455,NA,NA,NA,"physics","1",2014,20,"SingDigitInteger","+03"
"21",3622,82853,33105,NA,NA,NA,"chemistry","1",2014,1,"SingCorrAns","-103"
"22",6734,99437,13409,NA,NA,NA,"chemistry","1",2014,2,"SingCorrAns","-103"
"23",9952,94679,14949,NA,NA,NA,"chemistry","1",2014,3,"SingCorrAns","-103"
"24",4725,95701,19154,NA,NA,NA,"chemistry","1",2014,4,"SingCorrAns","-103"
"25",3031,96172,20377,NA,NA,NA,"chemistry","1",2014,5,"SingCorrAns","-103"
"26",2185,81113,36282,NA,NA,NA,"chemistry","1",2014,6,"SingCorrAns","-103"
"27",6485,105018,8077,NA,NA,NA,"chemistry","1",2014,7,"SingCorrAns","-103"
"28",9412,103601,6567,NA,NA,NA,"chemistry","1",2014,8,"SingCorrAns","-103"
"29",3137,65175,51268,NA,NA,NA,"chemistry","1",2014,9,"SingCorrAns","-103"
"30",11419,95570,12591,NA,NA,NA,"chemistry","1",2014,10,"SingCorrAns","-103"
"31",17317,86367,15896,NA,NA,NA,"chemistry","1",2014,11,"Compr","-103"
"32",5380,79330,34870,NA,NA,NA,"chemistry","1",2014,12,"Compr","-103"
"33",7782,78616,33182,NA,NA,NA,"chemistry","1",2014,13,"Compr","-103"
"34",10972,82936,25672,NA,NA,NA,"chemistry","1",2014,14,"Compr","-103"
"35",6853,95014,17713,NA,NA,NA,"chemistry","1",2014,15,"Compr","-103"
"36",10688,106718,2174,NA,NA,NA,"chemistry","1",2014,16,"Compr","-103"
"37",4137,83372,32071,NA,NA,NA,"chemistry","1",2014,17,"TwoListMatchSingleAns","-103"
"38",5246,65179,49155,NA,NA,NA,"chemistry","1",2014,18,"TwoListMatchSingleAns","-103"
"39",10127,61661,47792,NA,NA,NA,"chemistry","1",2014,19,"TwoListMatchSingleAns","-103"
"40",7996,42107,69477,NA,NA,NA,"chemistry","1",2014,20,"TwoListMatchSingleAns","-103"
"41",19208,82535,17837,NA,NA,NA,"maths","1",2014,1,"MultCorrAns","+03"
"42",19189,58013,42378,NA,NA,NA,"maths","1",2014,2,"MultCorrAns","+03"
"43",13083,86526,19971,NA,NA,NA,"maths","1",2014,3,"MultCorrAns","+03"
"44",13147,68108,38325,NA,NA,NA,"maths","1",2014,4,"MultCorrAns","+03"
"45",11964,67900,39716,NA,NA,NA,"maths","1",2014,5,"MultCorrAns","+03"
"46",7000,85833,26747,NA,NA,NA,"maths","1",2014,6,"MultCorrAns","+03"
"47",14247,101353,3980,NA,NA,NA,"maths","1",2014,7,"MultCorrAns","+03"
"48",19763,70415,29402,NA,NA,NA,"maths","1",2014,8,"MultCorrAns","+03"
"49",8487,54857,56236,NA,NA,NA,"maths","1",2014,9,"MultCorrAns","+03"
"50",12852,91357,15371,NA,NA,NA,"maths","1",2014,10,"MultCorrAns","+03"
"51",15509,65553,38518,NA,NA,NA,"maths","1",2014,11,"SingDigitInteger","+03"
"52",10980,62832,45768,NA,NA,NA,"maths","1",2014,12,"SingDigitInteger","+03"
"53",11572,95284,12724,NA,NA,NA,"maths","1",2014,13,"SingDigitInteger","+03"
"54",8706,65458,45416,NA,NA,NA,"maths","1",2014,14,"SingDigitInteger","+03"
"55",14569,85542,19469,NA,NA,NA,"maths","1",2014,15,"SingDigitInteger","+03"
"56",4954,44899,69727,NA,NA,NA,"maths","1",2014,16,"SingDigitInteger","+03"
"57",12840,93251,13489,NA,NA,NA,"maths","1",2014,17,"SingDigitInteger","+03"
"58",10604,87395,21581,NA,NA,NA,"maths","1",2014,18,"SingDigitInteger","+03"
"59",16319,85359,17902,NA,NA,NA,"maths","1",2014,19,"SingDigitInteger","+03"
"60",14912,67346,37322,NA,NA,NA,"maths","1",2014,20,"SingDigitInteger","+03"
"1",20898,40932,57750,NA,NA,NA,"physics","2",2014,1,"SingCorrAns","-103"
"2",25593,55363,38624,NA,NA,NA,"physics","2",2014,2,"SingCorrAns","-103"
"3",23051,51446,45083,NA,NA,NA,"physics","2",2014,3,"SingCorrAns","-103"
"4",7880,48658,63042,NA,NA,NA,"physics","2",2014,4,"SingCorrAns","-103"
"5",66809,29310,23461,NA,NA,NA,"physics","2",2014,5,"SingCorrAns","-103"
"6",60400,34201,24979,NA,NA,NA,"physics","2",2014,6,"SingCorrAns","-103"
"7",27705,35293,56582,NA,NA,NA,"physics","2",2014,7,"SingCorrAns","-103"
"8",43439,46368,29773,NA,NA,NA,"physics","2",2014,8,"SingCorrAns","-103"
"9",63983,38789,16808,NA,NA,NA,"physics","2",2014,9,"SingCorrAns","-103"
"10",64308,39818,15454,NA,NA,NA,"physics","2",2014,10,"SingCorrAns","-103"
"11",56801,56946,5833,NA,NA,NA,"physics","2",2014,11,"Compr","-103"
"12",81486,29176,8918,NA,NA,NA,"physics","2",2014,12,"Compr","-103"
"13",31056,33966,54558,NA,NA,NA,"physics","2",2014,13,"Compr","-103"
"14",54386,37334,27860,NA,NA,NA,"physics","2",2014,14,"Compr","-103"
"15",42373,45836,31371,NA,NA,NA,"physics","2",2014,15,"Compr","-103"
"16",44277,44346,30957,NA,NA,NA,"physics","2",2014,16,"Compr","-103"
"17",11908,26037,81635,NA,NA,NA,"physics","2",2014,17,"TwoListMatchSingleAns","-103"
"18",13756,49015,56809,NA,NA,NA,"physics","2",2014,18,"TwoListMatchSingleAns","-103"
"19",40545,58414,20621,NA,NA,NA,"physics","2",2014,19,"TwoListMatchSingleAns","-103"
"20",11780,88471,19329,NA,NA,NA,"physics","2",2014,20,"TwoListMatchSingleAns","-103"
"21",37140,48997,33443,NA,NA,NA,"chemistry","2",2014,1,"MultCorrAns","+03"
"22",5576,28286,85718,NA,NA,NA,"chemistry","2",2014,2,"MultCorrAns","+03"
"23",25766,38364,55450,NA,NA,NA,"chemistry","2",2014,3,"MultCorrAns","+03"
"24",33567,44670,41343,NA,NA,NA,"chemistry","2",2014,4,"MultCorrAns","+03"
"25",25856,51194,42530,NA,NA,NA,"chemistry","2",2014,5,"MultCorrAns","+03"
"26",71779,26148,21653,NA,NA,NA,"chemistry","2",2014,6,"MultCorrAns","+03"
"27",63503,29502,26575,NA,NA,NA,"chemistry","2",2014,7,"MultCorrAns","+03"
"28",8481,21959,89140,NA,NA,NA,"chemistry","2",2014,8,"MultCorrAns","+03"
"29",23032,51827,44721,NA,NA,NA,"chemistry","2",2014,9,"MultCorrAns","+03"
"30",29136,68648,21796,NA,NA,NA,"chemistry","2",2014,10,"MultCorrAns","+03"
"31",45158,49736,24686,NA,NA,NA,"chemistry","2",2014,11,"SingDigitInteger","+03"
"32",58402,33292,27886,NA,NA,NA,"chemistry","2",2014,12,"SingDigitInteger","+03"
"33",32445,33602,53533,NA,NA,NA,"chemistry","2",2014,13,"SingDigitInteger","+03"
"34",53152,43240,23188,NA,NA,NA,"chemistry","2",2014,14,"SingDigitInteger","+03"
"35",30603,33646,55331,NA,NA,NA,"chemistry","2",2014,15,"SingDigitInteger","+03"
"36",50472,37570,31538,NA,NA,NA,"chemistry","2",2014,16,"SingDigitInteger","+03"
"37",54997,35599,28984,NA,NA,NA,"chemistry","2",2014,17,"SingDigitInteger","+03"
"38",26498,26729,66353,NA,NA,NA,"chemistry","2",2014,18,"SingDigitInteger","+03"
"39",12631,36327,70622,NA,NA,NA,"chemistry","2",2014,19,"SingDigitInteger","+03"
"40",9285,41012,69283,NA,NA,NA,"chemistry","2",2014,20,"SingDigitInteger","+03"
"41",69819,31391,18370,NA,NA,NA,"maths","2",2014,1,"SingCorrAns","-103"
"42",81044,29180,9356,NA,NA,NA,"maths","2",2014,2,"SingCorrAns","-103"
"43",61181,31289,27110,NA,NA,NA,"maths","2",2014,3,"SingCorrAns","-103"
"44",47153,35602,36825,NA,NA,NA,"maths","2",2014,4,"SingCorrAns","-103"
"45",59607,38423,21550,NA,NA,NA,"maths","2",2014,5,"SingCorrAns","-103"
"46",37548,30490,51542,NA,NA,NA,"maths","2",2014,6,"SingCorrAns","-103"
"47",75302,23597,20681,NA,NA,NA,"maths","2",2014,7,"SingCorrAns","-103"
"48",62268,40557,16755,NA,NA,NA,"maths","2",2014,8,"SingCorrAns","-103"
"49",50651,46455,22474,NA,NA,NA,"maths","2",2014,9,"SingCorrAns","-103"
"50",35191,67411,16978,NA,NA,NA,"maths","2",2014,10,"SingCorrAns","-103"
"51",48452,39560,31568,NA,NA,NA,"maths","2",2014,11,"Compr","-103"
"52",64007,18001,37572,NA,NA,NA,"maths","2",2014,12,"Compr","-103"
"53",74498,28419,16663,NA,NA,NA,"maths","2",2014,13,"Compr","-103"
"54",72368,19687,27525,NA,NA,NA,"maths","2",2014,14,"Compr","-103"
"55",40721,32469,46390,NA,NA,NA,"maths","2",2014,15,"Compr","-103"
"56",47485,51700,20395,NA,NA,NA,"maths","2",2014,16,"Compr","-103"
"57",28694,50634,40252,NA,NA,NA,"maths","2",2014,17,"TwoListMatchSingleAns","-103"
"58",20946,52818,45816,NA,NA,NA,"maths","2",2014,18,"TwoListMatchSingleAns","-103"
"59",22683,32245,64652,NA,NA,NA,"maths","2",2014,19,"TwoListMatchSingleAns","-103"
"60",16454,47065,56061,NA,NA,NA,"maths","2",2014,20,"TwoListMatchSingleAns","-103"
"1",10680,62702,42589,NA,NA,NA,"physics","1",2013,1,"SingCorrAns","+02"
"2",1278,75494,39199,NA,NA,NA,"physics","1",2013,2,"SingCorrAns","+02"
"3",3683,48571,63717,NA,NA,NA,"physics","1",2013,3,"SingCorrAns","+02"
"4",2443,37352,76176,NA,NA,NA,"physics","1",2013,4,"SingCorrAns","+02"
"5",3744,61760,50467,NA,NA,NA,"physics","1",2013,5,"SingCorrAns","+02"
"6",6680,47663,61628,NA,NA,NA,"physics","1",2013,6,"SingCorrAns","+02"
"7",5239,85480,25252,NA,NA,NA,"physics","1",2013,7,"SingCorrAns","+02"
"8",6032,62055,47884,NA,NA,NA,"physics","1",2013,8,"SingCorrAns","+02"
"9",3623,55886,56462,NA,NA,NA,"physics","1",2013,9,"SingCorrAns","+02"
"10",5785,71647,38539,NA,NA,NA,"physics","1",2013,10,"SingCorrAns","+02"
"11",46330,58977,10664,NA,NA,NA,"physics","1",2013,11,"MultCorrAns","-104"
"12",49695,48296,17980,NA,NA,NA,"physics","1",2013,12,"MultCorrAns","-104"
"13",47112,43860,24999,NA,NA,NA,"physics","1",2013,13,"MultCorrAns","-104"
"14",45389,56453,14129,NA,NA,NA,"physics","1",2013,14,"MultCorrAns","-104"
"15",32801,55001,28169,NA,NA,NA,"physics","1",2013,15,"MultCorrAns","-104"
"16",22618,47316,46037,NA,NA,NA,"physics","1",2013,16,"SingDigitInteger","-104"
"17",78548,27969,9454,NA,NA,NA,"physics","1",2013,17,"SingDigitInteger","-104"
"18",37771,24429,53771,NA,NA,NA,"physics","1",2013,18,"SingDigitInteger","-104"
"19",60324,34545,21102,NA,NA,NA,"physics","1",2013,19,"SingDigitInteger","-104"
"20",48194,34644,33133,NA,NA,NA,"physics","1",2013,20,"SingDigitInteger","-104"
"21",2285,48893,64793,NA,NA,NA,"chemistry","1",2013,1,"MultCorrAns","-103"
"22",2677,57217,56077,NA,NA,NA,"chemistry","1",2013,2,"MultCorrAns","-103"
"23",3748,53722,58501,NA,NA,NA,"chemistry","1",2013,3,"MultCorrAns","-103"
"24",1645,33391,80935,NA,NA,NA,"chemistry","1",2013,4,"MultCorrAns","-103"
"25",4961,74744,36266,NA,NA,NA,"chemistry","1",2013,5,"MultCorrAns","-103"
"26",3395,44891,67685,NA,NA,NA,"chemistry","1",2013,6,"MultCorrAns","-103"
"27",5175,68661,42135,NA,NA,NA,"chemistry","1",2013,7,"MultCorrAns","-103"
"28",1912,43781,70278,NA,NA,NA,"chemistry","1",2013,8,"MultCorrAns","-103"
"29",2839,54980,58152,NA,NA,NA,"chemistry","1",2013,9,"ParaSingleAns","-103"
"30",1718,91812,22441,NA,NA,NA,"chemistry","1",2013,10,"ParaSingleAns","-103"
"31",31901,79946,4124,NA,NA,NA,"chemistry","1",2013,11,"ParaSingleAns","-103"
"32",45549,66048,4374,NA,NA,NA,"chemistry","1",2013,12,"ParaSingleAns","-103"
"33",75507,34390,6074,NA,NA,NA,"chemistry","1",2013,13,"ParaSingleAns","-103"
"34",25186,70613,20172,NA,NA,NA,"chemistry","1",2013,14,"ParaSingleAns","-103"
"35",75191,25527,15253,NA,NA,NA,"chemistry","1",2013,15,"ParaSingleAns","-103"
"36",43800,55255,16916,NA,NA,NA,"chemistry","1",2013,16,"ParaSingleAns","-103"
"37",83232,23646,9093,NA,NA,NA,"chemistry","1",2013,17,"TwoListMatchSingleAns","-103"
"38",41710,63811,10450,NA,NA,NA,"chemistry","1",2013,18,"TwoListMatchSingleAns","-103"
"39",64158,40489,11324,NA,NA,NA,"chemistry","1",2013,19,"TwoListMatchSingleAns","-103"
"40",32033,24682,59256,NA,NA,NA,"chemistry","1",2013,20,"TwoListMatchSingleAns","-103"
"41",11531,73406,31034,NA,NA,NA,"maths","1",2013,1,"SingCorrAns","+02"
"42",2586,47521,65864,NA,NA,NA,"maths","1",2013,2,"SingCorrAns","+02"
"43",9257,80921,25793,NA,NA,NA,"maths","1",2013,3,"SingCorrAns","+02"
"44",4954,72691,38326,NA,NA,NA,"maths","1",2013,4,"SingCorrAns","+02"
"45",5475,43767,66729,NA,NA,NA,"maths","1",2013,5,"SingCorrAns","+02"
"46",3323,37496,75152,NA,NA,NA,"maths","1",2013,6,"SingCorrAns","+02"
"47",8018,62839,45114,NA,NA,NA,"maths","1",2013,7,"SingCorrAns","+02"
"48",5659,31024,79288,NA,NA,NA,"maths","1",2013,8,"SingCorrAns","+02"
"49",9667,68604,37700,NA,NA,NA,"maths","1",2013,9,"SingCorrAns","+02"
"50",5489,67683,42799,NA,NA,NA,"maths","1",2013,10,"SingCorrAns","+02"
"51",83042,27913,5016,NA,NA,NA,"maths","1",2013,11,"MultCorrAns","-104"
"52",43789,58132,14050,NA,NA,NA,"maths","1",2013,12,"MultCorrAns","-104"
"53",62261,43697,10013,NA,NA,NA,"maths","1",2013,13,"MultCorrAns","-104"
"54",50244,48588,17139,NA,NA,NA,"maths","1",2013,14,"MultCorrAns","-104"
"55",76793,27860,11318,NA,NA,NA,"maths","1",2013,15,"MultCorrAns","-104"
"56",49756,35750,30465,NA,NA,NA,"maths","1",2013,16,"SingDigitInteger","-104"
"57",66563,22722,26686,NA,NA,NA,"maths","1",2013,17,"SingDigitInteger","-104"
"58",84440,28610,2921,NA,NA,NA,"maths","1",2013,18,"SingDigitInteger","-104"
"59",85858,25913,4200,NA,NA,NA,"maths","1",2013,19,"SingDigitInteger","-104"
"60",62787,45552,7632,NA,NA,NA,"maths","1",2013,20,"SingDigitInteger","-104"
NA,55720,54863,5388,NA,NA,NA,"physics","2",2013,1,"MultCorrAns","-103"
NA,39784,63651,12536,NA,NA,NA,"physics","2",2013,2,"MultCorrAns","-103"
NA,40322,50004,25645,NA,NA,NA,"physics","2",2013,3,"MultCorrAns","-103"
NA,51537,34201,30233,NA,NA,NA,"physics","2",2013,4,"MultCorrAns","-103"
NA,34698,37772,43501,NA,NA,NA,"physics","2",2013,5,"MultCorrAns","-103"
NA,68478,36114,11379,NA,NA,NA,"physics","2",2013,6,"MultCorrAns","-103"
NA,44626,62529,8816,NA,NA,NA,"physics","2",2013,7,"MultCorrAns","-103"
NA,21994,72445,21532,NA,NA,NA,"physics","2",2013,8,"MultCorrAns","-103"
NA,57633,22213,36125,NA,NA,NA,"physics","2",2013,9,"ParaSingleAns","-103"
NA,71470,28261,16240,NA,NA,NA,"physics","2",2013,10,"ParaSingleAns","-103"
NA,25792,41859,48320,NA,NA,NA,"physics","2",2013,11,"ParaSingleAns","-103"
NA,55462,48728,11781,NA,NA,NA,"physics","2",2013,12,"ParaSingleAns","-103"
NA,26816,46200,42955,NA,NA,NA,"physics","2",2013,13,"ParaSingleAns","-103"
NA,35536,42240,38195,NA,NA,NA,"physics","2",2013,14,"ParaSingleAns","-103"
NA,49129,33619,33223,NA,NA,NA,"physics","2",2013,15,"ParaSingleAns","-103"
NA,41470,23575,50926,NA,NA,NA,"physics","2",2013,16,"ParaSingleAns","-103"
NA,7268,35519,73184,NA,NA,NA,"physics","2",2013,17,"TwoListMatchSingleAns","-103"
NA,13142,33643,69186,NA,NA,NA,"physics","2",2013,18,"TwoListMatchSingleAns","-103"
NA,2807,13803,99361,NA,NA,NA,"physics","2",2013,19,"TwoListMatchSingleAns","-103"
NA,23447,25879,66645,NA,NA,NA,"physics","2",2013,20,"TwoListMatchSingleAns","-103"
NA,14876,76664,24431,NA,NA,NA,"chemistry","2",2013,1,"SingCorrAns","+02"
NA,21383,46285,48303,NA,NA,NA,"chemistry","2",2013,2,"SingCorrAns","+02"
NA,42741,49832,23398,NA,NA,NA,"chemistry","2",2013,3,"SingCorrAns","+02"
NA,32939,75001,8031,NA,NA,NA,"chemistry","2",2013,4,"SingCorrAns","+02"
NA,55703,32221,28047,NA,NA,NA,"chemistry","2",2013,5,"SingCorrAns","+02"
NA,32676,51149,32146,NA,NA,NA,"chemistry","2",2013,6,"SingCorrAns","+02"
NA,39705,48641,27625,NA,NA,NA,"chemistry","2",2013,7,"SingCorrAns","+02"
NA,65276,33326,17369,NA,NA,NA,"chemistry","2",2013,8,"SingCorrAns","+02"
NA,7892,29024,79055,NA,NA,NA,"chemistry","2",2013,9,"SingCorrAns","+02"
NA,5492,10465,100014,NA,NA,NA,"chemistry","2",2013,10,"SingCorrAns","+02"
NA,37608,34585,43778,NA,NA,NA,"chemistry","2",2013,11,"MultCorrAns","-104"
NA,31857,55250,28864,NA,NA,NA,"chemistry","2",2013,12,"MultCorrAns","-104"
NA,42002,35293,38676,NA,NA,NA,"chemistry","2",2013,13,"MultCorrAns","-104"
NA,48000,51580,16391,NA,NA,NA,"chemistry","2",2013,14,"MultCorrAns","-104"
NA,44249,41129,30593,NA,NA,NA,"chemistry","2",2013,15,"MultCorrAns","-104"
NA,44312,57853,13806,NA,NA,NA,"chemistry","2",2013,16,"SingDigitInteger","-104"
NA,10573,47741,57657,NA,NA,NA,"chemistry","2",2013,17,"SingDigitInteger","-104"
NA,19472,71156,25343,NA,NA,NA,"chemistry","2",2013,18,"SingDigitInteger","-104"
NA,18356,32339,65276,NA,NA,NA,"chemistry","2",2013,19,"SingDigitInteger","-104"
NA,36911,54357,24703,NA,NA,NA,"chemistry","2",2013,20,"SingDigitInteger","-104"
NA,77554,33046,5371,NA,NA,NA,"maths","2",2013,1,"MultCorrAns","-103"
NA,20291,44339,51341,NA,NA,NA,"maths","2",2013,2,"MultCorrAns","-103"
NA,72184,32404,11383,NA,NA,NA,"maths","2",2013,3,"MultCorrAns","-103"
NA,45500,60648,9823,NA,NA,NA,"maths","2",2013,4,"MultCorrAns","-103"
NA,92748,20382,2841,NA,NA,NA,"maths","2",2013,5,"MultCorrAns","-103"
NA,26684,26663,62624,NA,NA,NA,"maths","2",2013,6,"MultCorrAns","-103"
NA,44089,35542,36340,NA,NA,NA,"maths","2",2013,7,"MultCorrAns","-103"
NA,78855,27637,9479,NA,NA,NA,"maths","2",2013,8,"MultCorrAns","-103"
NA,65215,33198,17558,NA,NA,NA,"maths","2",2013,9,"ParaSingleAns","-103"
NA,73539,26399,16033,NA,NA,NA,"maths","2",2013,10,"ParaSingleAns","-103"
NA,30756,26234,58981,NA,NA,NA,"maths","2",2013,11,"ParaSingleAns","-103"
NA,46029,32876,37066,NA,NA,NA,"maths","2",2013,12,"ParaSingleAns","-103"
NA,69724,37925,8322,NA,NA,NA,"maths","2",2013,13,"ParaSingleAns","-103"
NA,68226,26197,21548,NA,NA,NA,"maths","2",2013,14,"ParaSingleAns","-103"
NA,46094,36952,32925,NA,NA,NA,"maths","2",2013,15,"ParaSingleAns","-103"
NA,61604,43535,10832,NA,NA,NA,"maths","2",2013,16,"ParaSingleAns","-103"
NA,44931,44089,26951,NA,NA,NA,"maths","2",2013,17,"TwoListMatchSingleAns","-103"
NA,27769,32360,55842,NA,NA,NA,"maths","2",2013,18,"TwoListMatchSingleAns","-103"
NA,22744,23724,69503,NA,NA,NA,"maths","2",2013,19,"TwoListMatchSingleAns","-103"
NA,18899,20874,76198,NA,NA,NA,"maths","2",2013,20,"TwoListMatchSingleAns","-103"
"1",176389,223035,80227,NA,NA,NA,"physics","1",2012,1,"SingCorrAns","-103"
"2",290084,111637,77930,NA,NA,NA,"physics","1",2012,2,"SingCorrAns","-103"
"3",137160,193538,148953,NA,NA,NA,"physics","1",2012,3,"SingCorrAns","-103"
"4",243553,183531,52567,NA,NA,NA,"physics","1",2012,4,"SingCorrAns","-103"
"5",265586,136325,77740,NA,NA,NA,"physics","1",2012,5,"SingCorrAns","-103"
"6",70991,187819,220841,NA,NA,NA,"physics","1",2012,6,"SingCorrAns","-103"
"7",166651,230283,82717,NA,NA,NA,"physics","1",2012,7,"SingCorrAns","-103"
"8",192150,184143,103358,NA,NA,NA,"physics","1",2012,8,"SingCorrAns","-103"
"9",287624,123522,68505,NA,NA,NA,"physics","1",2012,9,"SingCorrAns","-103"
"10",208443,193386,77822,NA,NA,NA,"physics","1",2012,10,"SingCorrAns","-103"
"11",36338,336771,106542,NA,NA,NA,"physics","1",2012,11,"MultCorrAns","+03"
"12",36432,380494,62725,NA,NA,NA,"physics","1",2012,12,"MultCorrAns","+03"
"13",20942,349224,109485,NA,NA,NA,"physics","1",2012,13,"MultCorrAns","+03"
"14",41592,391823,46236,NA,NA,NA,"physics","1",2012,14,"MultCorrAns","+03"
"15",33272,264040,182339,NA,NA,NA,"physics","1",2012,15,"MultCorrAns","+03"
"16",80412,363979,35260,NA,NA,NA,"physics","1",2012,16,"SingDigitInteger","+03"
"17",75410,355049,49192,NA,NA,NA,"physics","1",2012,17,"SingDigitInteger","+03"
"18",59042,359958,60651,NA,NA,NA,"physics","1",2012,18,"SingDigitInteger","+03"
"19",79906,377243,22502,NA,NA,NA,"physics","1",2012,19,"SingDigitInteger","+03"
"20",85269,339482,54900,NA,NA,NA,"physics","1",2012,20,"SingDigitInteger","+03"
"1",189857,157746,132048,NA,NA,NA,"physics","2",2012,1,"SingCorrAns","-103"
"2",141843,263092,74716,NA,NA,NA,"physics","2",2012,2,"SingCorrAns","-103"
"3",208553,195171,75927,NA,NA,NA,"physics","2",2012,3,"SingCorrAns","-103"
"4",139125,172988,167538,NA,NA,NA,"physics","2",2012,4,"SingCorrAns","-103"
"5",246661,179038,53952,NA,NA,NA,"physics","2",2012,5,"SingCorrAns","-103"
"6",223714,153592,102345,NA,NA,NA,"physics","2",2012,6,"SingCorrAns","-103"
"7",285647,136950,57054,NA,NA,NA,"physics","2",2012,7,"SingCorrAns","-103"
"8",151385,187575,140691,NA,NA,NA,"physics","2",2012,8,"SingCorrAns","-103"
"9",71507,219750,188394,NA,NA,NA,"physics","2",2012,9,"ParaSingleAns","-103"
"10",88869,152536,238246,NA,NA,NA,"physics","2",2012,10,"ParaSingleAns","-103"
"11",105722,282372,91557,NA,NA,NA,"physics","2",2012,11,"ParaSingleAns","-103"
"12",159458,260525,59668,NA,NA,NA,"physics","2",2012,12,"ParaSingleAns","-103"
"13",200592,231977,47082,NA,NA,NA,"physics","2",2012,13,"ParaSingleAns","-103"
"14",194339,174467,110845,NA,NA,NA,"physics","2",2012,14,"ParaSingleAns","-103"
"15",45602,372302,61747,NA,NA,NA,"physics","2",2012,15,"MultCorrAns","+03"
"16",16449,396683,66519,NA,NA,NA,"physics","2",2012,16,"MultCorrAns","+03"
"17",13210,418504,47937,NA,NA,NA,"physics","2",2012,17,"MultCorrAns","+03"
"18",24530,427054,28067,NA,NA,NA,"physics","2",2012,18,"MultCorrAns","+03"
"19",28601,335569,115481,NA,NA,NA,"physics","2",2012,19,"MultCorrAns","+03"
"20",59458,366471,53722,NA,NA,NA,"physics","2",2012,20,"MultCorrAns","+03"
"21",69460,248824,161367,NA,NA,NA,"chemistry","1",2012,1,"SingCorrAns","-103"
"22",261659,97144,120848,NA,NA,NA,"chemistry","1",2012,2,"SingCorrAns","-103"
"23",165007,201808,112836,NA,NA,NA,"chemistry","1",2012,3,"SingCorrAns","-103"
"24",94966,188237,196448,NA,NA,NA,"chemistry","1",2012,4,"SingCorrAns","-103"
"25",169269,207070,103312,NA,NA,NA,"chemistry","1",2012,5,"SingCorrAns","-103"
"26",102810,287968,88873,NA,NA,NA,"chemistry","1",2012,6,"SingCorrAns","-103"
"27",121978,206883,150790,NA,NA,NA,"chemistry","1",2012,7,"SingCorrAns","-103"
"28",167506,237221,74924,NA,NA,NA,"chemistry","1",2012,8,"SingCorrAns","-103"
"29",64956,182975,231720,NA,NA,NA,"chemistry","1",2012,9,"SingCorrAns","-103"
"30",38394,295687,145570,NA,NA,NA,"chemistry","1",2012,10,"SingCorrAns","-103"
"31",53927,378928,46796,NA,NA,NA,"chemistry","1",2012,11,"MultCorrAns","+03"
"32",41937,390944,46770,NA,NA,NA,"chemistry","1",2012,12,"MultCorrAns","+03"
"33",24410,412660,42581,NA,NA,NA,"chemistry","1",2012,13,"MultCorrAns","+03"
"34",23035,357336,99280,NA,NA,NA,"chemistry","1",2012,14,"MultCorrAns","+03"
"35",31004,353781,94866,NA,NA,NA,"chemistry","1",2012,15,"MultCorrAns","+03"
"36",63377,335585,80689,NA,NA,NA,"chemistry","1",2012,16,"SingDigitInteger","+03"
"37",35871,332962,110818,NA,NA,NA,"chemistry","1",2012,17,"SingDigitInteger","+03"
"38",44035,381003,54613,NA,NA,NA,"chemistry","1",2012,18,"SingDigitInteger","+03"
"39",80561,324577,74513,NA,NA,NA,"chemistry","1",2012,19,"SingDigitInteger","+03"
"40",56005,322310,101336,NA,NA,NA,"chemistry","1",2012,20,"SingDigitInteger","+03"
"21",166864,141994,170793,NA,NA,NA,"chemistry","2",2012,1,"SingCorrAns","-103"
"22",140062,234408,105181,NA,NA,NA,"chemistry","2",2012,2,"SingCorrAns","-103"
"23",0,0,0,0,NA,NA,"chemistry","2",2012,3,"SingCorrAns","-103"
"24",50329,274468,154854,NA,NA,NA,"chemistry","2",2012,4,"SingCorrAns","-103"
"25",289686,136512,53453,NA,NA,NA,"chemistry","2",2012,5,"SingCorrAns","-103"
"26",152920,242692,84039,NA,NA,NA,"chemistry","2",2012,6,"SingCorrAns","-103"
"27",190439,198617,90595,NA,NA,NA,"chemistry","2",2012,7,"SingCorrAns","-103"
"28",134363,267362,77926,NA,NA,NA,"chemistry","2",2012,8,"SingCorrAns","-103"
"29",131991,240246,107414,NA,NA,NA,"chemistry","2",2012,9,"ParaSingleAns","-103"
"30",266674,146173,66804,NA,NA,NA,"chemistry","2",2012,10,"ParaSingleAns","-103"
"31",253119,154927,71605,NA,NA,NA,"chemistry","2",2012,11,"ParaSingleAns","-103"
"32",170495,165182,143974,NA,NA,NA,"chemistry","2",2012,12,"ParaSingleAns","-103"
"33",189794,204591,85266,NA,NA,NA,"chemistry","2",2012,13,"ParaSingleAns","-103"
"34",203753,186721,89177,NA,NA,NA,"chemistry","2",2012,14,"ParaSingleAns","-103"
"35",13836,364234,101581,NA,NA,NA,"chemistry","2",2012,15,"MultCorrAns","+03"
"36",26250,341991,111410,NA,NA,NA,"chemistry","2",2012,16,"MultCorrAns","+03"
"37",30070,415369,34212,NA,NA,NA,"chemistry","2",2012,17,"MultCorrAns","+03"
"38",5419,413193,61039,NA,NA,NA,"chemistry","2",2012,18,"MultCorrAns","+03"
"39",37570,410164,31917,NA,NA,NA,"chemistry","2",2012,19,"MultCorrAns","+03"
"40",13796,417086,48769,NA,NA,NA,"chemistry","2",2012,20,"MultCorrAns","+03"
"41",191340,203591,84720,NA,NA,NA,"maths","1",2012,1,"SingCorrAns","-103"
"42",143611,251092,84948,NA,NA,NA,"maths","1",2012,2,"SingCorrAns","-103"
"43",146738,261580,71333,NA,NA,NA,"maths","1",2012,3,"SingCorrAns","-103"
"44",149376,137346,192929,NA,NA,NA,"maths","1",2012,4,"SingCorrAns","-103"
"45",192794,219264,67593,NA,NA,NA,"maths","1",2012,5,"SingCorrAns","-103"
"46",237281,172660,69710,NA,NA,NA,"maths","1",2012,6,"SingCorrAns","-103"
"47",181859,210324,87468,NA,NA,NA,"maths","1",2012,7,"SingCorrAns","-103"
"48",245369,152557,81725,NA,NA,NA,"maths","1",2012,8,"SingCorrAns","-103"
"49",287156,141640,50855,NA,NA,NA,"maths","1",2012,9,"SingCorrAns","-103"
"50",287944,123080,68627,NA,NA,NA,"maths","1",2012,10,"SingCorrAns","-103"
"51",78802,389303,11546,NA,NA,NA,"maths","1",2012,11,"MultCorrAns","+03"
"52",66634,398550,14467,NA,NA,NA,"maths","1",2012,12,"MultCorrAns","+03"
"53",71848,366548,41255,NA,NA,NA,"maths","1",2012,13,"MultCorrAns","+03"
"54",40431,295919,143301,NA,NA,NA,"maths","1",2012,14,"MultCorrAns","+03"
"55",65318,319249,95084,NA,NA,NA,"maths","1",2012,15,"MultCorrAns","+03"
"56",51249,398674,29728,NA,NA,NA,"maths","1",2012,16,"SingDigitInteger","+03"
"57",64390,369908,45353,NA,NA,NA,"maths","1",2012,17,"SingDigitInteger","+03"
"58",60993,394718,23940,NA,NA,NA,"maths","1",2012,18,"SingDigitInteger","+03"
"59",65019,330702,83930,NA,NA,NA,"maths","1",2012,19,"SingDigitInteger","+03"
"60",76087,298661,104903,NA,NA,NA,"maths","1",2012,20,"SingDigitInteger","+03"
"41",221831,171840,85980,NA,NA,NA,"maths","2",2012,1,"SingCorrAns","-103"
"42",256491,126659,96501,NA,NA,NA,"maths","2",2012,2,"SingCorrAns","-103"
"43",206218,176892,96541,NA,NA,NA,"maths","2",2012,3,"SingCorrAns","-103"
"44",184808,212740,82103,NA,NA,NA,"maths","2",2012,4,"SingCorrAns","-103"
"45",309270,92004,78377,NA,NA,NA,"maths","2",2012,5,"SingCorrAns","-103"
"46",208232,222311,49108,NA,NA,NA,"maths","2",2012,6,"SingCorrAns","-103"
"47",164146,216683,98822,NA,NA,NA,"maths","2",2012,7,"SingCorrAns","-103"
"48",217797,162252,99602,NA,NA,NA,"maths","2",2012,8,"SingCorrAns","-103"
"49",174205,247171,58275,NA,NA,NA,"maths","2",2012,9,"ParaSingleAns","-103"
"50",246737,171452,61462,NA,NA,NA,"maths","2",2012,10,"ParaSingleAns","-103"
"51",218876,212030,48745,NA,NA,NA,"maths","2",2012,11,"ParaSingleAns","-103"
"52",224040,199213,56398,NA,NA,NA,"maths","2",2012,12,"ParaSingleAns","-103"
"53",156554,188888,134209,NA,NA,NA,"maths","2",2012,13,"ParaSingleAns","-103"
"54",149341,243074,87236,NA,NA,NA,"maths","2",2012,14,"ParaSingleAns","-103"
"55",47419,385994,46238,NA,NA,NA,"maths","2",2012,15,"MultCorrAns","+03"
"56",30617,368811,80223,NA,NA,NA,"maths","2",2012,16,"MultCorrAns","+03"
"57",37748,351139,90764,NA,NA,NA,"maths","2",2012,17,"MultCorrAns","+03"
"58",15697,321028,142926,NA,NA,NA,"maths","2",2012,18,"MultCorrAns","+03"
"59",23266,323455,132930,NA,NA,NA,"maths","2",2012,19,"MultCorrAns","+03"
"60",0,0,0,0,NA,NA,"maths","2",2012,20,"MultCorrAns","+03"
